{
  "rms":0.5412041491377937, 
  "camera_matrix":[
    [
      1911.2491396132548, 
      0.0, 
      1340.2191764431548
    ], 
    [
      0.0, 
      1904.1402822818184, 
      799.8082546044499
    ], 
    [
      0.0, 
      0.0, 
      1.0
    ]
  ], 
  "dist_coefs":[
    [
      0.06604662362441423, 
      -0.3136679209085045, 
      9.835387335472179e-05, 
      -0.0005814038940664978, 
      0.4169941633520551
    ]
  ], 
  "rotational_vectors":{
    "image0":[
      [
        -0.0726866012423317
      ], 
      [
        -0.14665140984896252
      ], 
      [
        0.16139799872680488
      ]
    ], 
    "image1":[
      [
        0.09715845877747488
      ], 
      [
        0.22065243629103334
      ], 
      [
        0.042607478783222595
      ]
    ], 
    "image2":[
      [
        0.18969431452521096
      ], 
      [
        0.20682142859659253
      ], 
      [
        -0.07229463734080109
      ]
    ], 
    "image3":[
      [
        0.03202640394079599
      ], 
      [
        -0.24226740991880996
      ], 
      [
        -0.09775745204671829
      ]
    ], 
    "image4":[
      [
        -0.28991757466877777
      ], 
      [
        0.01985367964762975
      ], 
      [
        0.13183218986537348
      ]
    ], 
    "image5":[
      [
        0.3353158825872578
      ], 
      [
        0.06271101078430842
      ], 
      [
        -0.07456321970229833
      ]
    ], 
    "image6":[
      [
        -0.37558518977283895
      ], 
      [
        -0.28075194680384674
      ], 
      [
        0.14560705037413205
      ]
    ], 
    "image7":[
      [
        0.5566743916772923
      ], 
      [
        -0.1299296630492514
      ], 
      [
        0.24757409671571295
      ]
    ], 
    "image8":[
      [
        0.5532336586935163
      ], 
      [
        0.24877097228075656
      ], 
      [
        -0.08227619892953994
      ]
    ], 
    "image9":[
      [
        -0.010011081464888636
      ], 
      [
        0.006237726938978166
      ], 
      [
        0.044483741655874376
      ]
    ], 
    "image10":[
      [
        -0.10899505093514404
      ], 
      [
        -0.2581505758606505
      ], 
      [
        0.026254158006182228
      ]
    ], 
    "image11":[
      [
        0.33704656257015037
      ], 
      [
        -0.07226619590591347
      ], 
      [
        -0.07369248910704314
      ]
    ], 
    "image12":[
      [
        0.050500529800994544
      ], 
      [
        0.40686609553956704
      ], 
      [
        0.39491774667390955
      ]
    ], 
    "image13":[
      [
        0.46361907014976034
      ], 
      [
        0.17790069027644181
      ], 
      [
        0.25889266303072883
      ]
    ], 
    "image14":[
      [
        -0.43558979586602103
      ], 
      [
        -0.31073925221428417
      ], 
      [
        -0.0011453740070000466
      ]
    ], 
    "image15":[
      [
        -0.017277762396910736
      ], 
      [
        -0.08703556320552223
      ], 
      [
        3.106478490568519
      ]
    ]
  }, 
  "translational_vectors":{
    "image0":[
      [
        -53.21599065193451
      ], 
      [
        -82.87612939198833
      ], 
      [
        260.9837323986738
      ]
    ], 
    "image1":[
      [
        -110.68649773616993
      ], 
      [
        -72.8501353041725
      ], 
      [
        246.5426752078525
      ]
    ], 
    "image2":[
      [
        -119.90575660874173
      ], 
      [
        -51.15619636882951
      ], 
      [
        244.7997911110219
      ]
    ], 
    "image3":[
      [
        -32.75276533548504
      ], 
      [
        -59.71422154531518
      ], 
      [
        260.0270326816383
      ]
    ], 
    "image4":[
      [
        -83.49752629338177
      ], 
      [
        -87.19469296698692
      ], 
      [
        266.09190635088686
      ]
    ], 
    "image5":[
      [
        -83.26043286713845
      ], 
      [
        -51.23090507808142
      ], 
      [
        248.0798028336745
      ]
    ], 
    "image6":[
      [
        -98.61312943271851
      ], 
      [
        -78.57737829475964
      ], 
      [
        268.0703069905656
      ]
    ], 
    "image7":[
      [
        -44.76627547583016
      ], 
      [
        -54.73536938796017
      ], 
      [
        200.9730275359504
      ]
    ], 
    "image8":[
      [
        -109.50106926581083
      ], 
      [
        -41.52089511607856
      ], 
      [
        235.76818081755943
      ]
    ], 
    "image9":[
      [
        -64.99862948145044
      ], 
      [
        -76.0558858528703
      ], 
      [
        242.88309936773874
      ]
    ], 
    "image10":[
      [
        -43.599248340202365
      ], 
      [
        -65.93659603405584
      ], 
      [
        245.39851908427661
      ]
    ], 
    "image11":[
      [
        -75.01934238047342
      ], 
      [
        -47.593104910374585
      ], 
      [
        203.77435662783495
      ]
    ], 
    "image12":[
      [
        -53.39361406913259
      ], 
      [
        -101.56288641589063
      ], 
      [
        344.348309069041
      ]
    ], 
    "image13":[
      [
        -89.0120055115273
      ], 
      [
        -71.40772317769293
      ], 
      [
        242.56209617430636
      ]
    ], 
    "image14":[
      [
        -65.9017860684304
      ], 
      [
        -69.86306186676558
      ], 
      [
        225.6982799938323
      ]
    ], 
    "image15":[
      [
        -114.64700308404373
      ], 
      [
        12.715813136442392
      ], 
      [
        571.2170535595093
      ]
    ]
  }, 
  "image_files_names":[
    [
      0, 
      "p01.png"
    ], 
    [
      1, 
      "p02.png"
    ], 
    [
      2, 
      "p03.png"
    ], 
    [
      3, 
      "p04.png"
    ], 
    [
      4, 
      "p05.png"
    ], 
    [
      5, 
      "p06.png"
    ], 
    [
      6, 
      "p07.png"
    ], 
    [
      7, 
      "p08.png"
    ], 
    [
      8, 
      "p09.png"
    ], 
    [
      9, 
      "p10.png"
    ], 
    [
      10, 
      "p11.png"
    ], 
    [
      11, 
      "p12.png"
    ], 
    [
      12, 
      "p13.png"
    ], 
    [
      13, 
      "p14.png"
    ], 
    [
      14, 
      "p15.png"
    ], 
    [
      15, 
      "p16.png"
    ]
  ]
}