{
  "rms":1.5179239311721962, 
  "camera_matrix":[
    [
      1871.9868076184189, 
      0.0, 
      1357.8016942205943
    ], 
    [
      0.0, 
      1867.4717747437496, 
      773.234687011277
    ], 
    [
      0.0, 
      0.0, 
      1.0
    ]
  ], 
  "dist_coefs":[
    [
      0.05076983035228602, 
      -0.26542681039397953, 
      -0.004040624834067689, 
      0.0013823949802847563, 
      0.26211190185447936
    ]
  ], 
  "rotational_vectors":{
    "image0":[
      [
        -0.24523413439180777
      ], 
      [
        0.9555986010932112
      ], 
      [
        -2.866732805004614
      ]
    ], 
    "image1":[
      [
        0.1033296063062525
      ], 
      [
        -0.29380937628621734
      ], 
      [
        3.0907839532703405
      ]
    ], 
    "image2":[
      [
        0.46566243868567314
      ], 
      [
        -0.41462564439484206
      ], 
      [
        2.6781954495278812
      ]
    ], 
    "image3":[
      [
        0.5149439003863896
      ], 
      [
        0.4398075241075745
      ], 
      [
        -2.478093347815335
      ]
    ], 
    "image4":[
      [
        0.4357062584304425
      ], 
      [
        -0.938577783727576
      ], 
      [
        2.5304193489364066
      ]
    ], 
    "image5":[
      [
        0.6580807842817368
      ], 
      [
        -0.368383633816518
      ], 
      [
        2.6468004544064225
      ]
    ], 
    "image6":[
      [
        0.71051032095315
      ], 
      [
        0.6655542057378889
      ], 
      [
        -2.909452495032106
      ]
    ], 
    "image7":[
      [
        0.7918027726515318
      ], 
      [
        0.5644320224163547
      ], 
      [
        -2.0994905194277367
      ]
    ], 
    "image8":[
      [
        -0.01709630312459029
      ], 
      [
        -0.18240992733382844
      ], 
      [
        -3.0531499521179586
      ]
    ], 
    "image9":[
      [
        0.433048964005821
      ], 
      [
        -0.41194242097726314
      ], 
      [
        2.0859698778601254
      ]
    ], 
    "image10":[
      [
        -0.08842821795643516
      ], 
      [
        0.36146250094909094
      ], 
      [
        -3.084638201798995
      ]
    ], 
    "image11":[
      [
        0.47906409392880844
      ], 
      [
        -0.17368801967919512
      ], 
      [
        -2.763324780484221
      ]
    ], 
    "image12":[
      [
        0.21746760895373174
      ], 
      [
        -0.18249472063908398
      ], 
      [
        2.6234137096799497
      ]
    ], 
    "image13":[
      [
        -0.351805153584841
      ], 
      [
        -0.25969809154107243
      ], 
      [
        -2.9414887122457167
      ]
    ], 
    "image14":[
      [
        0.6382729751959633
      ], 
      [
        -0.32515532409581976
      ], 
      [
        -2.297434709247219
      ]
    ], 
    "image15":[
      [
        0.053053607511946176
      ], 
      [
        0.08780234495240864
      ], 
      [
        -3.132374220788412
      ]
    ]
  }, 
  "translational_vectors":{
    "image0":[
      [
        44.35725645118962
      ], 
      [
        66.22081584954668
      ], 
      [
        285.3522092007292
      ]
    ], 
    "image1":[
      [
        30.265785051714985
      ], 
      [
        57.281411168676655
      ], 
      [
        255.30691883423847
      ]
    ], 
    "image2":[
      [
        9.101406381414762
      ], 
      [
        52.70946330964812
      ], 
      [
        252.86552824226874
      ]
    ], 
    "image3":[
      [
        47.95157325605097
      ], 
      [
        85.77369144589095
      ], 
      [
        355.4667473569413
      ]
    ], 
    "image4":[
      [
        17.848707022998717
      ], 
      [
        60.310550260510226
      ], 
      [
        326.2837187362815
      ]
    ], 
    "image5":[
      [
        27.38314394616324
      ], 
      [
        41.61156039656166
      ], 
      [
        249.437706492495
      ]
    ], 
    "image6":[
      [
        41.679424118859714
      ], 
      [
        83.977937623113
      ], 
      [
        359.0403126561654
      ]
    ], 
    "image7":[
      [
        -4.221520256123393
      ], 
      [
        68.60999947499162
      ], 
      [
        391.4916594900127
      ]
    ], 
    "image8":[
      [
        4.851361108509287
      ], 
      [
        60.66002456480112
      ], 
      [
        266.8815262227722
      ]
    ], 
    "image9":[
      [
        -16.47584630643636
      ], 
      [
        0.5972831333259003
      ], 
      [
        299.1153960208241
      ]
    ], 
    "image10":[
      [
        46.92544920426961
      ], 
      [
        60.212172846875696
      ], 
      [
        275.42549350541384
      ]
    ], 
    "image11":[
      [
        -36.241685112435405
      ], 
      [
        95.9663456275423
      ], 
      [
        339.804312188371
      ]
    ], 
    "image12":[
      [
        -10.159742382901667
      ], 
      [
        19.135047601925645
      ], 
      [
        328.11064095564564
      ]
    ], 
    "image13":[
      [
        68.46615620602323
      ], 
      [
        46.67293456096156
      ], 
      [
        253.09145377626677
      ]
    ], 
    "image14":[
      [
        -9.461231280356612
      ], 
      [
        86.02579207924026
      ], 
      [
        379.4643000177487
      ]
    ], 
    "image15":[
      [
        -136.09360521050291
      ], 
      [
        54.06125034101792
      ], 
      [
        594.6879984704124
      ]
    ]
  }, 
  "image_files_names":[
    [
      0, 
      "p01.png"
    ], 
    [
      1, 
      "p02.png"
    ], 
    [
      2, 
      "p03.png"
    ], 
    [
      3, 
      "p04.png"
    ], 
    [
      4, 
      "p05.png"
    ], 
    [
      5, 
      "p06.png"
    ], 
    [
      6, 
      "p07.png"
    ], 
    [
      7, 
      "p08.png"
    ], 
    [
      8, 
      "p09.png"
    ], 
    [
      9, 
      "p10.png"
    ], 
    [
      10, 
      "p11.png"
    ], 
    [
      11, 
      "p12.png"
    ], 
    [
      12, 
      "p13.png"
    ], 
    [
      13, 
      "p14.png"
    ], 
    [
      14, 
      "p15.png"
    ], 
    [
      15, 
      "p16.png"
    ]
  ]
}