{
  "Dx":[
    [
      -0.650350479169143, 
      0.7593636977372602, 
      0.02027384530030884
    ], 
    [
      -0.7596331916914343, 
      -0.6501632559841619, 
      -0.015657415136482247
    ], 
    [
      0.0012916366167216935, 
      -0.025583493249893414, 
      0.9996718544342356
    ]
  ], 
  "rx":[
    [
      -65.11664843367433
    ], 
    [
      53.242492256498515
    ], 
    [
      -35.28259552671868
    ]
  ], 
  "fTc":[
    [
      -0.650350479169143, 
      0.7593636977372602, 
      0.02027384530030884, 
      -65.11664843367433
    ], 
    [
      -0.7596331916914343, 
      -0.6501632559841619, 
      -0.015657415136482247, 
      53.242492256498515
    ], 
    [
      0.0012916366167216935, 
      -0.025583493249893414, 
      0.9996718544342356, 
      -35.28259552671868
    ], 
    [
      0.0, 
      0.0, 
      0.0, 
      1.0
    ]
  ]
}