{
  "Dx":[
    [
      -0.4965241533367887, 
      0.8679960774580683, 
      0.006824563765770533
    ], 
    [
      -0.8679897025732767, 
      -0.4964210477788385, 
      -0.012649883355864675
    ], 
    [
      -0.007592192037955169, 
      -0.012204623696323956, 
      0.9998966975545476
    ]
  ], 
  "rx":[
    [
      -72.71649276680054
    ], 
    [
      43.1212103948633
    ], 
    [
      -45.433381641316274
    ]
  ], 
  "fTc":[
    [
      -0.4965241533367887, 
      0.8679960774580683, 
      0.006824563765770533, 
      -72.71649276680054
    ], 
    [
      -0.8679897025732767, 
      -0.4964210477788385, 
      -0.012649883355864675, 
      43.1212103948633
    ], 
    [
      -0.007592192037955169, 
      -0.012204623696323956, 
      0.9998966975545476, 
      -45.433381641316274
    ], 
    [
      0.0, 
      0.0, 
      0.0, 
      1.0
    ]
  ]
}